{
  "mean": 24.364675,
  "std": 0.7723761352961392,
  "val_loss": 0.8536731600761414,
  "saved_at": "2026-01-29T10:25:19.389789+00:00",
  "hidden_size": 128,
  "num_layers": 3,
  "sequence_size": 60,
  "dropout": 0.2
}