{"mean": 15.901333333333332, "std": 3.432351704330753, "saved_at": "2026-01-28T17:03:23.610945+00:00"}