{"mean": 15.901333333333332, "std": 3.432351704330753, "saved_at": "2026-01-27T09:43:55.415309+00:00"}