{
  "mean": 22.388075,
  "std": 0.790448318598376,
  "val_loss": 0.7658296823501587,
  "saved_at": "2026-01-29T10:25:42.064627+00:00",
  "hidden_size": 128,
  "num_layers": 3,
  "sequence_size": 60,
  "dropout": 0.2
}