{"mean": 25.620833333333334, "std": 0.5041371892209059, "saved_at": "2026-01-28T16:41:32.891392+00:00"}