{"mean": 25.620833333333334, "std": 0.5041371892209059, "prediction_sequence": null, "saved_at": "2026-01-27T03:13:26.015965+00:00"}