{"mean": 22.238999999999997, "std": 1.3415571797976658, "saved_at": "2026-01-28T17:03:22.423343+00:00"}