{"mean": 22.238999999999997, "std": 1.3415571797976658, "prediction_sequence": null, "saved_at": "2026-01-27T08:09:12.031743+00:00"}