{"mean": 17.839333333333332, "std": 2.269043019032963, "saved_at": "2026-01-28T15:29:35.940873+00:00"}