{"mean": 17.839333333333332, "std": 2.269043019032963, "saved_at": "2026-01-28T16:41:32.564844+00:00"}