{"mean": 17.839333333333332, "std": 2.269043019032963, "saved_at": "2026-01-28T17:03:22.813680+00:00"}