{"mean": 25.620833333333334, "std": 0.5041371892209059, "prediction_sequence": null, "saved_at": "2026-01-27T08:09:12.930969+00:00"}