{
  "mean": 26.4238,
  "std": 0.765916810104074,
  "val_loss": 0.5805279612541199,
  "saved_at": "2026-01-29T10:25:33.436864+00:00",
  "hidden_size": 128,
  "num_layers": 3,
  "sequence_size": 60,
  "dropout": 0.2
}