{"mean": 17.839333333333332, "std": 2.269043019032963, "saved_at": "2026-01-27T09:43:54.385412+00:00"}