{"mean": 25.620833333333334, "std": 0.5041371892209059, "saved_at": "2026-01-27T09:43:54.890319+00:00"}