{"mean": 22.238999999999997, "std": 1.3415571797976658, "saved_at": "2026-01-27T09:43:53.892729+00:00"}