{"mean": 17.839333333333332, "std": 2.269043019032963, "saved_at": "2026-01-28T20:25:30.409626+00:00"}