{"mean": 15.901333333333332, "std": 3.432351704330753, "saved_at": "2026-01-28T15:29:36.862905+00:00"}