{"mean": 17.839333333333332, "std": 2.269043019032963, "prediction_sequence": null, "saved_at": "2026-01-27T08:09:12.486614+00:00"}