{
  "mean": 25.39015,
  "std": 0.7979843215878367,
  "val_loss": 0.6114050149917603,
  "saved_at": "2026-01-29T10:25:51.216498+00:00",
  "hidden_size": 128,
  "num_layers": 3,
  "sequence_size": 60,
  "dropout": 0.2
}