{"mean": 22.238999999999997, "std": 1.3415571797976658, "saved_at": "2026-01-28T20:25:29.857034+00:00"}