{"mean": 15.901333333333332, "std": 3.432351704330753, "saved_at": "2026-01-28T20:25:31.492430+00:00"}