{"mean": 17.839333333333332, "std": 2.269043019032963, "prediction_sequence": null, "saved_at": "2026-01-27T03:13:25.530838+00:00"}