{"mean": 25.620833333333334, "std": 0.5041371892209059, "saved_at": "2026-01-28T15:29:36.406327+00:00"}