{"mean": 15.901333333333332, "std": 3.432351704330753, "prediction_sequence": null, "saved_at": "2026-01-27T08:09:13.389939+00:00"}